base_currency,target_currency,exchange_rate
EUR,EUR,1.0
EUR,AED,3.9273
EUR,AFN,78.8215
EUR,ALL,105.2162
EUR,AMD,429.8259
EUR,ANG,1.9142
EUR,AOA,894.3774
EUR,ARS,374.3192
EUR,AUD,1.6629
EUR,AWG,1.9142
EUR,AZN,1.8123
EUR,BAM,1.9558
EUR,BBD,2.1388
EUR,BDT,117.5674
EUR,BGN,1.9558
EUR,BHD,0.4021
EUR,BIF,3028.8489
EUR,BMD,1.0694
EUR,BND,1.4487
EUR,BOB,7.3638
EUR,BRL,5.208
EUR,BSD,1.0694
EUR,BTN,88.9504
EUR,BWP,14.4964
EUR,BYN,3.4689
EUR,BZD,2.1388
EUR,CAD,1.4708
EUR,CDF,2666.1452
EUR,CHF,0.9627
EUR,CLP,951.1305
EUR,CNY,7.7874
EUR,COP,4329.8932
EUR,CRC,567.142
EUR,CUP,25.6654
EUR,CVE,110.265
EUR,CZK,24.6198
EUR,DJF,190.0534
EUR,DKK,7.4597
EUR,DOP,60.501
EUR,DZD,144.4322
EUR,EGP,32.9826
EUR,ERN,16.0409
EUR,ETB,60.0551
EUR,FJD,2.4242
EUR,FKP,0.8694
EUR,FOK,7.4604
EUR,GBP,0.8694
EUR,GEL,2.884
EUR,GGP,0.8694
EUR,GHS,12.814
EUR,GIP,0.8694
EUR,GMD,69.8492
EUR,GNF,9177.6012
EUR,GTQ,8.3329
EUR,GYD,223.9851
EUR,HKD,8.3608
EUR,HNL,26.2792
EUR,HRK,7.5345
EUR,HTG,142.4395
EUR,HUF,378.4639
EUR,IDR,16715.1591
EUR,ILS,4.1394
EUR,IMP,0.8694
EUR,INR,88.9492
EUR,IQD,1400.8559
EUR,IRR,45493.9644
EUR,ISK,150.5046
EUR,JEP,0.8694
EUR,JMD,165.4743
EUR,JOD,0.7582
EUR,JPY,160.8262
EUR,KES,162.941
EUR,KGS,95.46
EUR,KHR,4408.0267
EUR,KID,1.6628
EUR,KMF,491.9678
EUR,KRW,1397.0749
EUR,KWD,0.3294
EUR,KYD,0.8912
EUR,KZT,497.1353
EUR,LAK,21952.9951
EUR,LBP,16040.8774
EUR,LKR,348.1081
EUR,LRD,203.1098
EUR,LSL,19.6287
EUR,LYD,5.2031
EUR,MAD,10.9124
EUR,MDL,19.1708
EUR,MGA,4783.6667
EUR,MKD,61.499
EUR,MMK,2580.1036
EUR,MNT,3682.5705
EUR,MOP,8.6117
EUR,MRU,41.9919
EUR,MUR,46.7103
EUR,MVR,16.4247
EUR,MWK,1231.6213
EUR,MXN,18.6969
EUR,MYR,4.993
EUR,MZN,68.2953
EUR,NAD,19.6287
EUR,NGN,832.9553
EUR,NIO,38.9361
EUR,NOK,11.9565
EUR,NPR,142.3206
EUR,NZD,1.8029
EUR,OMR,0.4112
EUR,PAB,1.0694
EUR,PEN,4.0392
EUR,PGK,3.9468
EUR,PHP,59.9574
EUR,PKR,304.537
EUR,PLN,4.4585
EUR,PYG,7859.2507
EUR,QAR,3.8926
EUR,RON,4.9684
EUR,RSD,117.2296
EUR,RUB,98.6526
EUR,RWF,1352.0997
EUR,SAR,4.0102
EUR,SBD,9.0356
EUR,SCR,14.4833
EUR,SDG,478.4399
EUR,SEK,11.6821
EUR,SGD,1.4486
EUR,SHP,0.8694
EUR,SLE,23.8907
EUR,SLL,23898.8583
EUR,SOS,612.2259
EUR,SRD,41.1811
EUR,SSP,1121.4118
EUR,STN,24.5
EUR,SYP,13750.2086
EUR,SZL,19.6287
EUR,THB,38.0029
EUR,TJS,11.6751
EUR,TMT,3.7407
EUR,TND,3.3686
EUR,TOP,2.4195
EUR,TRY,30.4721
EUR,TTD,7.4271
EUR,TVD,1.6628
EUR,TWD,34.4187
EUR,TZS,2686.2969
EUR,UAH,38.5112
EUR,UGX,4025.8051
EUR,USD,1.069
EUR,UYU,42.418
EUR,UZS,13113.9648
EUR,VES,37.566
EUR,VND,25883.9029
EUR,VUV,129.9356
EUR,WST,2.9269
EUR,XAF,655.957
EUR,XCD,2.8874
EUR,XDR,0.8111
EUR,XOF,655.957
EUR,XPF,119.332
EUR,YER,266.1947
EUR,ZAR,19.6285
EUR,ZMW,24.0642
EUR,ZWL,6125.3674
GBP,GBP,1.0
GBP,AED,4.5165
GBP,AFN,90.762
GBP,ALL,121.1551
GBP,AMD,494.8764
GBP,ANG,2.2014
GBP,AOA,1030.1935
GBP,ARS,430.4748
GBP,AUD,1.9133
GBP,AWG,2.2014
GBP,AZN,2.0866
GBP,BAM,2.2496
GBP,BBD,2.4596
GBP,BDT,135.1716
GBP,BGN,2.2498
GBP,BHD,0.4624
GBP,BIF,3492.9817
GBP,BMD,1.2298
GBP,BND,1.6662
GBP,BOB,8.4793
GBP,BRL,5.9897
GBP,BSD,1.2298
GBP,BTN,102.3433
GBP,BWP,16.7155
GBP,BYN,3.9936
GBP,BZD,2.4596
GBP,CAD,1.6916
GBP,CDF,3070.4435
GBP,CHF,1.1072
GBP,CLP,1095.2453
GBP,CNY,8.9565
GBP,COP,4985.8052
GBP,CRC,653.0581
GBP,CUP,29.5157
GBP,CVE,126.8269
GBP,CZK,28.3083
GBP,DJF,218.5653
GBP,DKK,8.5768
GBP,DOP,69.6663
GBP,DZD,166.3119
GBP,EGP,37.9316
GBP,ERN,18.4473
GBP,ETB,67.3391
GBP,EUR,1.1502
GBP,FJD,2.792
GBP,FKP,1.0
GBP,FOK,8.5809
GBP,GEL,3.3205
GBP,GGP,1.0
GBP,GHS,14.7604
GBP,GIP,1.0
GBP,GMD,80.4586
GBP,GNF,10571.6377
GBP,GTQ,9.5952
GBP,GYD,257.9505
GBP,HKD,9.6139
GBP,HNL,30.2602
GBP,HRK,8.6662
GBP,HTG,164.0392
GBP,HUF,435.2268
GBP,IDR,19228.471
GBP,ILS,4.7623
GBP,IMP,1.0
GBP,INR,102.3355
GBP,IQD,1613.2839
GBP,IRR,52379.266
GBP,ISK,173.2763
GBP,JEP,1.0
GBP,JMD,189.7742
GBP,JOD,0.8719
GBP,JPY,184.9057
GBP,KES,187.7598
GBP,KGS,109.907
GBP,KHR,5076.4667
GBP,KID,1.9132
GBP,KMF,565.8617
GBP,KRW,1607.9302
GBP,KWD,0.379
GBP,KYD,1.0249
GBP,KZT,571.6716
GBP,LAK,25278.6277
GBP,LBP,18447.3405
GBP,LKR,401.2943
GBP,LRD,233.879
GBP,LSL,22.5661
GBP,LYD,5.9921
GBP,MAD,12.5579
GBP,MDL,22.0722
GBP,MGA,5590.5471
GBP,MKD,70.9822
GBP,MMK,2968.5021
GBP,MNT,4232.7911
GBP,MOP,9.903
GBP,MRU,48.3596
GBP,MUR,54.2493
GBP,MVR,18.9128
GBP,MWK,1418.7065
GBP,MXN,21.4958
GBP,MYR,5.7474
GBP,MZN,78.669
GBP,NAD,22.5661
GBP,NGN,959.1421
GBP,NIO,44.8344
GBP,NOK,13.7502
GBP,NPR,163.7493
GBP,NZD,2.073
GBP,OMR,0.4729
GBP,PAB,1.2298
GBP,PEN,4.6482
GBP,PGK,4.5447
GBP,PHP,68.9594
GBP,PKR,350.1058
GBP,PLN,5.1293
GBP,PYG,9049.8359
GBP,QAR,4.4766
GBP,RON,5.722
GBP,RSD,134.972
GBP,RUB,113.4754
GBP,RWF,1557.4845
GBP,SAR,4.6118
GBP,SBD,10.3939
GBP,SCR,16.681
GBP,SDG,550.9913
GBP,SEK,13.4348
GBP,SGD,1.666
GBP,SHP,1.0
GBP,SLE,27.484
GBP,SLL,27484.5344
GBP,SOS,705.0648
GBP,SRD,47.4259
GBP,SSP,1291.9643
GBP,STN,28.1799
GBP,SYP,15833.206
GBP,SZL,22.5661
GBP,THB,43.7219
GBP,TJS,13.4407
GBP,TMT,4.3059
GBP,TND,3.8797
GBP,TOP,2.7823
GBP,TRY,35.0477
GBP,TTD,8.5282
GBP,TVD,1.9132
GBP,TWD,39.5886
GBP,TZS,3094.3334
GBP,UAH,44.3404
GBP,UGX,4637.3062
GBP,USD,1.2298
GBP,UYU,48.8438
GBP,UZS,15098.6563
GBP,VES,43.232
GBP,VND,29889.4893
GBP,VUV,149.4144
GBP,WST,3.3669
GBP,XAF,754.4822
GBP,XCD,3.3205
GBP,XDR,0.9339
GBP,XOF,754.4822
GBP,XPF,137.2558
GBP,YER,306.5203
GBP,ZAR,22.5649
GBP,ZMW,27.7195
GBP,ZWL,7055.1559
JPY,JPY,1.0
JPY,AED,0.02442
JPY,AFN,0.4901
JPY,ALL,0.6542
JPY,AMD,2.6748
JPY,ANG,0.0119
JPY,AOA,5.5628
JPY,ARS,2.328
JPY,AUD,0.01035
JPY,AWG,0.0119
JPY,AZN,0.01127
JPY,BAM,0.01216
JPY,BBD,0.0133
JPY,BDT,0.7309
JPY,BGN,0.01216
JPY,BHD,0.002501
JPY,BIF,18.8514
JPY,BMD,0.006651
JPY,BND,0.009008
JPY,BOB,0.04579
JPY,BRL,0.03237
JPY,BSD,0.006651
JPY,BTN,0.5532
JPY,BWP,0.09033
JPY,BYN,0.02159
JPY,BZD,0.0133
JPY,CAD,0.009147
JPY,CDF,16.571
JPY,CHF,0.005987
JPY,CLP,5.9162
JPY,CNY,0.04843
JPY,COP,26.9222
JPY,CRC,3.5263
JPY,CUP,0.1596
JPY,CVE,0.6856
JPY,CZK,0.1531
JPY,DJF,1.182
JPY,DKK,0.04638
JPY,DOP,0.3762
JPY,DZD,0.898
JPY,EGP,0.2051
JPY,ERN,0.09976
JPY,ETB,0.372
JPY,EUR,0.006218
JPY,FJD,0.01507
JPY,FKP,0.005408
JPY,FOK,0.04639
JPY,GBP,0.005407
JPY,GEL,0.01795
JPY,GGP,0.005408
JPY,GHS,0.07967
JPY,GIP,0.005408
JPY,GMD,0.4343
JPY,GNF,57.059
JPY,GTQ,0.05181
JPY,GYD,1.3921
JPY,HKD,0.05199
JPY,HNL,0.1634
JPY,HRK,0.04685
JPY,HTG,0.8853
JPY,HUF,2.3542
JPY,IDR,103.9353
JPY,ILS,0.02574
JPY,IMP,0.005408
JPY,INR,0.5532
JPY,IQD,8.7068
JPY,IRR,283.1045
JPY,ISK,0.9363
JPY,JEP,0.005408
JPY,JMD,1.0264
JPY,JOD,0.004715
JPY,KES,1.0129
JPY,KGS,0.594
JPY,KHR,27.3973
JPY,KID,0.01035
JPY,KMF,3.059
JPY,KRW,8.6884
JPY,KWD,0.002049
JPY,KYD,0.005542
JPY,KZT,3.0917
JPY,LAK,136.4967
JPY,LBP,99.7617
JPY,LKR,2.1712
JPY,LRD,1.2629
JPY,LSL,0.122
JPY,LYD,0.03234
JPY,MAD,0.06786
JPY,MDL,0.1193
JPY,MGA,30.1935
JPY,MKD,0.3823
JPY,MMK,16.0386
JPY,MNT,22.8915
JPY,MOP,0.05355
JPY,MRU,0.261
JPY,MUR,0.2931
JPY,MVR,0.1021
JPY,MWK,7.6573
JPY,MXN,0.1162
JPY,MYR,0.03105
JPY,MZN,0.4246
JPY,NAD,0.122
JPY,NGN,5.179
JPY,NIO,0.2421
JPY,NOK,0.07436
JPY,NPR,0.8851
JPY,NZD,0.01121
JPY,OMR,0.002557
JPY,PAB,0.006651
JPY,PEN,0.02511
JPY,PGK,0.02454
JPY,PHP,0.3729
JPY,PKR,1.8932
JPY,PLN,0.02773
JPY,PYG,48.8664
JPY,QAR,0.02421
JPY,RON,0.0309
JPY,RSD,0.729
JPY,RUB,0.6134
JPY,RWF,8.4063
JPY,SAR,0.02494
JPY,SBD,0.0562
JPY,SCR,0.09006
JPY,SDG,2.9737
JPY,SEK,0.07265
JPY,SGD,0.009008
JPY,SHP,0.005408
JPY,SLE,0.1486
JPY,SLL,148.6353
JPY,SOS,3.8052
JPY,SRD,0.256
JPY,SSP,6.9736
JPY,STN,0.1523
JPY,SYP,85.4945
JPY,SZL,0.122
JPY,THB,0.2364
JPY,TJS,0.07269
JPY,TMT,0.02328
JPY,TND,0.02095
JPY,TOP,0.01505
JPY,TRY,0.1895
JPY,TTD,0.04461
JPY,TVD,0.01035
JPY,TWD,0.214
JPY,TZS,16.7013
JPY,UAH,0.2398
JPY,UGX,25.0293
JPY,USD,0.006651
JPY,UYU,0.2637
JPY,UZS,81.608
JPY,VES,0.2338
JPY,VND,161.8301
JPY,VUV,0.8083
JPY,WST,0.0182
JPY,XAF,4.0787
JPY,XCD,0.01796
JPY,XDR,0.005048
JPY,XOF,4.0787
JPY,XPF,0.742
JPY,YER,1.6551
JPY,ZAR,0.122
JPY,ZMW,0.1496
JPY,ZWL,38.0444
CAD,CAD,1.0
CAD,AED,2.6695
CAD,AFN,53.6822
CAD,ALL,71.6587
CAD,AMD,292.6822
CAD,ANG,1.3011
CAD,AOA,608.9736
CAD,ARS,254.4322
CAD,AUD,1.1312
CAD,AWG,1.3011
CAD,AZN,1.2342
CAD,BAM,1.3298
CAD,BBD,1.4538
CAD,BDT,79.8896
CAD,BGN,1.33
CAD,BHD,0.2733
CAD,BIF,2065.1193
CAD,BMD,0.7269
CAD,BND,0.985
CAD,BOB,5.0152
CAD,BRL,3.5412
CAD,BSD,0.7269
CAD,BTN,60.497
CAD,BWP,9.8919
CAD,BYN,2.3624
CAD,BZD,1.4538
CAD,CDF,1815.3065
CAD,CHF,0.6544
CAD,CLP,647.6342
CAD,CNY,5.296
CAD,COP,2948.9354
CAD,CRC,386.2567
CAD,CUP,17.4453
CAD,CVE,74.9687
CAD,CZK,16.7387
CAD,DJF,129.1831
CAD,DKK,5.0693
CAD,DOP,41.2047
CAD,DZD,98.367
CAD,EGP,22.4198
CAD,ERN,10.9033
CAD,ETB,40.7565
CAD,EUR,0.6799
CAD,FJD,1.6508
CAD,FKP,0.5911
CAD,FOK,5.0723
CAD,GBP,0.5911
CAD,GEL,1.9638
CAD,GGP,0.5911
CAD,GHS,8.7249
CAD,GIP,0.5911
CAD,GMD,47.5592
CAD,GNF,6248.8894
CAD,GTQ,5.6752
CAD,GYD,152.5054
CAD,HKD,5.683
CAD,HNL,17.8977
CAD,HRK,5.1227
CAD,HTG,96.9832
CAD,HUF,257.4357
CAD,IDR,11368.3017
CAD,ILS,2.8156
CAD,IMP,0.5911
CAD,INR,60.5384
CAD,IQD,953.8051
CAD,IRR,30978.2542
CAD,ISK,102.4611
CAD,JEP,0.5911
CAD,JMD,112.9068
CAD,JOD,0.5154
CAD,JPY,109.305
CAD,KES,110.9605
CAD,KGS,65.0017
CAD,KHR,3001.3067
CAD,KID,1.1311
CAD,KMF,334.487
CAD,KRW,950.5212
CAD,KWD,0.224
CAD,KYD,0.6057
CAD,KZT,337.9319
CAD,LAK,14951.2867
CAD,LBP,10903.3035
CAD,LKR,237.3971
CAD,LRD,138.3294
CAD,LSL,13.3369
CAD,LYD,3.5426
CAD,MAD,7.4211
CAD,MDL,13.0552
CAD,MGA,3307.0883
CAD,MKD,41.9388
CAD,MMK,1755.0465
CAD,MNT,2501.4883
CAD,MOP,5.8537
CAD,MRU,28.5911
CAD,MUR,32.098
CAD,MVR,11.1862
CAD,MWK,838.5926
CAD,MXN,12.7059
CAD,MYR,3.3969
CAD,MZN,46.5012
CAD,NAD,13.3369
CAD,NGN,567.2876
CAD,NIO,26.5177
CAD,NOK,8.1282
CAD,NPR,96.7952
CAD,NZD,1.2257
CAD,OMR,0.2795
CAD,PAB,0.7269
CAD,PEN,2.7482
CAD,PGK,2.688
CAD,PHP,40.7689
CAD,PKR,206.9357
CAD,PLN,3.0326
CAD,PYG,5352.618
CAD,QAR,2.6459
CAD,RON,3.384
CAD,RSD,79.8329
CAD,RUB,67.083
CAD,RWF,920.6245
CAD,SAR,2.7258
CAD,SBD,6.1446
CAD,SCR,9.863
CAD,SDG,325.7569
CAD,SEK,7.9413
CAD,SGD,0.985
CAD,SHP,0.5911
CAD,SLE,16.2448
CAD,SLL,16244.2234
CAD,SOS,416.8481
CAD,SRD,28.0391
CAD,SSP,763.5622
CAD,STN,16.6575
CAD,SYP,9364.7105
CAD,SZL,13.3369
CAD,THB,25.8785
CAD,TJS,7.9502
CAD,TMT,2.5462
CAD,TND,2.294
CAD,TOP,1.6448
CAD,TRY,20.7162
CAD,TTD,5.0593
CAD,TVD,1.1311
CAD,TWD,23.4007
CAD,TZS,1829.0588
CAD,UAH,26.2237
CAD,UGX,2741.1096
CAD,USD,0.7269
CAD,UYU,28.8891
CAD,UZS,8929.7138
CAD,VES,25.5529
CAD,VND,17673.3027
CAD,VUV,88.3277
CAD,WST,1.9904
CAD,XAF,445.9826
CAD,XCD,1.9626
CAD,XDR,0.5522
CAD,XOF,445.9826
CAD,XPF,81.1334
CAD,YER,181.2942
CAD,ZAR,13.3366
CAD,ZMW,16.385
CAD,ZWL,4157.9893
AUD,AUD,1.0
AUD,AED,2.3607
AUD,AFN,47.4426
AUD,ALL,63.3291
AUD,AMD,258.5984
AUD,ANG,1.1506
AUD,AOA,537.6705
AUD,ARS,225.0018
AUD,AWG,1.1506
AUD,AZN,1.0903
AUD,BAM,1.1762
AUD,BBD,1.2856
AUD,BDT,70.663
AUD,BGN,1.1762
AUD,BHD,0.2417
AUD,BIF,1827.8899
AUD,BMD,0.6428
AUD,BND,0.8703
AUD,BOB,4.4323
AUD,BRL,3.1306
AUD,BSD,0.6428
AUD,BTN,53.4984
AUD,BWP,8.7367
AUD,BYN,2.0855
AUD,BZD,1.2856
AUD,CAD,0.884
AUD,CDF,1606.7742
AUD,CHF,0.5788
AUD,CLP,572.066
AUD,CNY,4.6798
AUD,COP,2606.0867
AUD,CRC,341.3668
AUD,CUP,15.4274
AUD,CVE,66.3121
AUD,CZK,14.802
AUD,DJF,114.2403
AUD,DKK,4.4855
AUD,DOP,36.4159
AUD,DZD,86.9337
AUD,EGP,19.8298
AUD,ERN,9.6421
AUD,ETB,36.0746
AUD,EUR,0.6013
AUD,FJD,1.4577
AUD,FKP,0.5227
AUD,FOK,4.4866
AUD,GBP,0.5227
AUD,GEL,1.7351
AUD,GGP,0.5227
AUD,GHS,7.7067
AUD,GIP,0.5227
AUD,GMD,42.0113
AUD,GNF,5519.6961
AUD,GTQ,5.0156
AUD,GYD,134.9864
AUD,HKD,5.025
AUD,HNL,15.8176
AUD,HRK,4.5312
AUD,HTG,85.8423
AUD,HUF,227.5816
AUD,IDR,10055.7321
AUD,ILS,2.4906
AUD,IMP,0.5227
AUD,INR,53.4961
AUD,IQD,844.2373
AUD,IRR,27371.3858
AUD,ISK,90.4542
AUD,JEP,0.5227
AUD,JMD,99.3572
AUD,JOD,0.4558
AUD,JPY,96.6443
AUD,KES,98.1261
AUD,KGS,57.432
AUD,KHR,2656.5333
AUD,KID,1.0
AUD,KMF,295.8639
AUD,KRW,840.1849
AUD,KWD,0.1981
AUD,KYD,0.5357
AUD,KZT,298.9457
AUD,LAK,13213.581
AUD,LBP,9642.1069
AUD,LKR,209.9887
AUD,LRD,122.2539
AUD,LSL,11.8001
AUD,LYD,3.1357
AUD,MAD,6.5629
AUD,MDL,11.5332
AUD,MGA,2930.0
AUD,MKD,37.218
AUD,MMK,1552.234
AUD,MNT,2214.6114
AUD,MOP,5.1762
AUD,MRU,25.3067
AUD,MUR,28.3403
AUD,MVR,9.8861
AUD,MWK,740.6995
AUD,MXN,11.2429
AUD,MYR,3.0026
AUD,MZN,41.0749
AUD,NAD,11.8001
AUD,NGN,501.3754
AUD,NIO,23.4358
AUD,NOK,7.1833
AUD,NPR,85.5974
AUD,NZD,1.0839
AUD,OMR,0.2472
AUD,PAB,0.6428
AUD,PEN,2.4286
AUD,PGK,2.3756
AUD,PHP,36.0427
AUD,PKR,183.1296
AUD,PLN,2.6806
AUD,PYG,4730.4934
AUD,QAR,2.3398
AUD,RON,2.9863
AUD,RSD,70.4503
AUD,RUB,59.2992
AUD,RWF,813.1618
AUD,SAR,2.4105
AUD,SBD,5.4313
AUD,SCR,8.709
AUD,SDG,288.3357
AUD,SEK,7.0245
AUD,SGD,0.8702
AUD,SHP,0.5227
AUD,SLE,14.3666
AUD,SLL,14365.3409
AUD,SOS,368.963
AUD,SRD,24.8181
AUD,SSP,673.4132
AUD,STN,14.734
AUD,SYP,8276.2717
AUD,SZL,11.8001
AUD,THB,22.8511
AUD,TJS,7.0196
AUD,TMT,2.248
AUD,TND,2.0256
AUD,TOP,1.4532
AUD,TRY,18.3132
AUD,TTD,4.3107
AUD,TVD,1.0
AUD,TWD,20.679
AUD,TZS,1615.6227
AUD,UAH,23.1509
AUD,UGX,2421.2481
AUD,USD,0.6428
AUD,UYU,25.5316
AUD,UZS,7889.8465
AUD,VES,22.5986
AUD,VND,15629.7602
AUD,VUV,78.0392
AUD,WST,1.7594
AUD,XAF,394.4852
AUD,XCD,1.7356
AUD,XDR,0.4876
AUD,XOF,394.4852
AUD,XPF,71.7649
AUD,YER,160.224
AUD,ZAR,11.7989
AUD,ZMW,14.473
AUD,ZWL,3677.2572
KRW,KRW,1.0
KRW,AED,0.002811
KRW,AFN,0.05632
KRW,ALL,0.07518
KRW,AMD,0.3072
KRW,ANG,0.00137
KRW,AOA,0.6403
KRW,ARS,0.2679
KRW,AUD,0.00119
KRW,AWG,0.00137
KRW,AZN,0.001296
KRW,BAM,0.0014
KRW,BBD,0.001531
KRW,BDT,0.08438
KRW,BGN,0.0014
KRW,BHD,0.00028779
KRW,BIF,2.1651
KRW,BMD,0.00076541
KRW,BND,0.001036
KRW,BOB,0.005261
KRW,BRL,0.003726
KRW,BSD,0.00076541
KRW,BTN,0.06374
KRW,BWP,0.01035
KRW,BYN,0.002503
KRW,BZD,0.001531
KRW,CAD,0.001051
KRW,CDF,1.9032
KRW,CHF,0.00068862
KRW,CLP,0.6795
KRW,CNY,0.005568
KRW,COP,3.0938
KRW,CRC,0.4052
KRW,CUP,0.01837
KRW,CVE,0.07892
KRW,CZK,0.01761
KRW,DJF,0.136
KRW,DKK,0.005339
KRW,DOP,0.04323
KRW,DZD,0.1032
KRW,EGP,0.0236
KRW,ERN,0.01148
KRW,ETB,0.04273
KRW,EUR,0.00071578
KRW,FJD,0.001733
KRW,FKP,0.00062186
KRW,FOK,0.00534
KRW,GBP,0.00062192
KRW,GEL,0.002064
KRW,GGP,0.00062186
KRW,GHS,0.009159
KRW,GIP,0.00062186
KRW,GMD,0.04993
KRW,GNF,6.5601
KRW,GTQ,0.005954
KRW,GYD,0.1599
KRW,HKD,0.005982
KRW,HNL,0.01878
KRW,HRK,0.005393
KRW,HTG,0.1017
KRW,HUF,0.2708
KRW,IDR,11.978
KRW,ILS,0.002966
KRW,IMP,0.00062186
KRW,INR,0.06374
KRW,IQD,1.0
KRW,IRR,32.8012
KRW,ISK,0.1076
KRW,JEP,0.00062186
KRW,JMD,0.1179
KRW,JOD,0.00054267
KRW,JPY,0.1151
KRW,KES,0.1157
KRW,KGS,0.06828
KRW,KHR,3.1467
KRW,KID,0.00119
KRW,KMF,0.3521
KRW,KWD,0.00023416
KRW,KYD,0.00063784
KRW,KZT,0.3557
KRW,LAK,15.6856
KRW,LBP,11.4811
KRW,LKR,0.2501
KRW,LRD,0.1451
KRW,LSL,0.01405
KRW,LYD,0.003714
KRW,MAD,0.007786
KRW,MDL,0.01371
KRW,MGA,3.4706
KRW,MKD,0.04383
KRW,MMK,1.8565
KRW,MNT,2.6347
KRW,MOP,0.006162
KRW,MRU,0.02998
KRW,MUR,0.03382
KRW,MVR,0.01174
KRW,MWK,0.8804
KRW,MXN,0.01339
KRW,MYR,0.003576
KRW,MZN,0.04882
KRW,NAD,0.01405
KRW,NGN,0.5951
KRW,NIO,0.02782
KRW,NOK,0.008546
KRW,NPR,0.102
KRW,NZD,0.001291
KRW,OMR,0.0002943
KRW,PAB,0.00076541
KRW,PEN,0.002891
KRW,PGK,0.00282
KRW,PHP,0.04294
KRW,PKR,0.2179
KRW,PLN,0.003189
KRW,PYG,5.6155
KRW,QAR,0.002786
KRW,RON,0.003554
KRW,RSD,0.08381
KRW,RUB,0.0706
KRW,RWF,0.9665
KRW,SAR,0.00287
KRW,SBD,0.006399
KRW,SCR,0.01035
KRW,SDG,0.3415
KRW,SEK,0.008362
KRW,SGD,0.001036
KRW,SHP,0.00062186
KRW,SLE,0.01711
KRW,SLL,17.1058
KRW,SOS,0.437
KRW,SRD,0.0294
KRW,SSP,0.8024
KRW,STN,0.01754
KRW,SYP,9.8246
KRW,SZL,0.01405
KRW,THB,0.0272
KRW,TJS,0.008356
KRW,TMT,0.002676
KRW,TND,0.002408
KRW,TOP,0.001821
KRW,TRY,0.02178
KRW,TTD,0.00513
KRW,TVD,0.00119
KRW,TWD,0.02464
KRW,TZS,1.9202
KRW,UAH,0.02756
KRW,UGX,2.8776
KRW,USD,0.00076542
KRW,UYU,0.03031
KRW,UZS,9.4074
KRW,VES,0.02691
KRW,VND,18.5812
KRW,VUV,0.09312
KRW,WST,0.002114
KRW,XAF,0.4695
KRW,XCD,0.002067
KRW,XDR,0.00058071
KRW,XOF,0.4695
KRW,XPF,0.08541
KRW,YER,0.1902
KRW,ZAR,0.01405
KRW,ZMW,0.0172
KRW,ZWL,4.3784
CNY,CNY,1.0
CNY,AED,0.5043
CNY,AFN,10.119
CNY,ALL,13.5076
CNY,AMD,55.2136
CNY,ANG,0.2458
CNY,AOA,114.9156
CNY,ARS,48.0652
CNY,AUD,0.2137
CNY,AWG,0.2458
CNY,AZN,0.2328
CNY,BAM,0.2511
CNY,BBD,0.2746
CNY,BDT,15.1367
CNY,BGN,0.2512
CNY,BHD,0.05163
CNY,BIF,389.0826
CNY,BMD,0.1373
CNY,BND,0.186
CNY,BOB,0.9453
CNY,BRL,0.6692
CNY,BSD,0.1373
CNY,BTN,11.4325
CNY,BWP,1.865
CNY,BYN,0.4458
CNY,BZD,0.2746
CNY,CAD,0.1888
CNY,CDF,342.0161
CNY,CHF,0.1236
CNY,CLP,122.1552
CNY,COP,555.8758
CNY,CRC,72.8084
CNY,CUP,3.2956
CNY,CVE,14.1589
CNY,CZK,3.1614
CNY,DJF,24.4042
CNY,DKK,0.958
CNY,DOP,7.767
CNY,DZD,18.542
CNY,EGP,4.236
CNY,ERN,2.0598
CNY,ETB,7.6788
CNY,EUR,0.1284
CNY,FJD,0.3113
CNY,FKP,0.1116
CNY,FOK,0.958
CNY,GBP,0.1117
CNY,GEL,0.3705
CNY,GGP,0.1116
CNY,GHS,1.6452
CNY,GIP,0.1116
CNY,GMD,8.9678
CNY,GNF,1178.3204
CNY,GTQ,1.0698
CNY,GYD,28.7331
CNY,HKD,1.0736
CNY,HNL,3.3737
CNY,HRK,0.9675
CNY,HTG,18.2723
CNY,HUF,48.6208
CNY,IDR,2147.6239
CNY,ILS,0.5308
CNY,IMP,0.1116
CNY,INR,11.433
CNY,IQD,179.7034
CNY,IRR,5843.8475
CNY,ISK,19.3365
CNY,JEP,0.1116
CNY,JMD,21.1914
CNY,JOD,0.09736
CNY,JPY,20.647
CNY,KES,20.9074
CNY,KGS,12.2624
CNY,KHR,565.4667
CNY,KID,0.2137
CNY,KMF,63.1724
CNY,KRW,179.5963
CNY,KWD,0.04203
CNY,KYD,0.1144
CNY,KZT,63.8528
CNY,LAK,2818.2871
CNY,LBP,2059.7606
CNY,LKR,44.8574
CNY,LRD,26.0747
CNY,LSL,2.5214
CNY,LYD,0.6675
CNY,MAD,1.399
CNY,MDL,2.4621
CNY,MGA,623.6765
CNY,MKD,7.8625
CNY,MMK,332.6852
CNY,MNT,472.8735
CNY,MOP,1.1058
CNY,MRU,5.3868
CNY,MUR,6.0173
CNY,MVR,2.1086
CNY,MWK,158.1322
CNY,MXN,2.4016
CNY,MYR,0.6414
CNY,MZN,8.7685
CNY,NAD,2.5214
CNY,NGN,106.9312
CNY,NIO,4.9985
CNY,NOK,1.535
CNY,NPR,18.2919
CNY,NZD,0.2316
CNY,OMR,0.0528
CNY,PAB,0.1373
CNY,PEN,0.519
CNY,PGK,0.5067
CNY,PHP,7.7016
CNY,PKR,39.108
CNY,PLN,0.5725
CNY,PYG,1008.9589
CNY,QAR,0.4998
CNY,RON,0.6384
CNY,RSD,15.0555
CNY,RUB,12.684
CNY,RWF,173.6002
CNY,SAR,0.5149
CNY,SBD,1.1498
CNY,SCR,1.8599
CNY,SDG,61.3748
CNY,SEK,1.5011
CNY,SGD,0.186
CNY,SHP,0.1116
CNY,SLE,3.0689
CNY,SLL,3068.8488
CNY,SOS,78.537
CNY,SRD,5.2828
CNY,SSP,144.072
CNY,STN,3.146
CNY,SYP,1765.2309
CNY,SZL,2.5214
CNY,THB,4.8816
CNY,TJS,1.5005
CNY,TMT,0.4805
CNY,TND,0.4326
CNY,TOP,0.3271
CNY,TRY,3.9138
CNY,TTD,0.9215
CNY,TVD,0.2137
CNY,TWD,4.4227
CNY,TZS,344.8961
CNY,UAH,4.9485
CNY,UGX,516.8764
CNY,USD,0.1373
CNY,UYU,5.4455
CNY,UZS,1684.5568
CNY,VES,4.8257
CNY,VND,3339.0238
CNY,VUV,16.7276
CNY,WST,0.3799
CNY,XAF,84.2299
CNY,XCD,0.3708
CNY,XDR,0.1042
CNY,XOF,84.2299
CNY,XPF,15.3231
CNY,YER,34.1735
CNY,ZAR,2.5214
CNY,ZMW,3.0896
CNY,ZWL,785.5226
